id,station,destination,vehicle,departure_time,delay_seconds,platform,fetched_at
1,Gent-Sint-Pieters,Ostend,BE.NMBS.IC535,2026-01-07T14:39:00.0000000,4080,12,2026-01-07T14:31:22.2730000
2,Gent-Sint-Pieters,Ostend,BE.NMBS.IC535,2026-01-07T14:39:00.0000000,4140,12,2026-01-07T14:38:08.2070000
3,Gent-Sint-Pieters,Ostend,BE.NMBS.IC536,2026-01-07T15:39:00.0000000,780,12,2026-01-07T14:38:08.2070000
4,Gent-Sint-Pieters,Brussels Airport - Zaventem,BE.NMBS.IC2215,2026-01-07T15:39:00.0000000,0,8,2026-01-07T14:38:08.2070000
5,Gent-Sint-Pieters,Kortrijk,BE.NMBS.P8997,2026-01-07T15:40:00.0000000,420,9,2026-01-07T14:38:08.2070000
6,Gent-Sint-Pieters,Li��ge-Guillemins,BE.NMBS.IC2814,2026-01-07T15:41:00.0000000,180,10,2026-01-07T14:38:08.207
7,Gent-Sint-Pieters,Poperinge,BE.NMBS.IC718,2026-01-07T19:36:00.0000000,180,7,2026-01-07T18:33:38.9670000
8,Gent-Sint-Pieters,Ostend,BE.NMBS.IC540,2026-01-07T19:39:00.0000000,360,12,2026-01-07T18:33:38.9670000
9,Gent-Sint-Pieters,Brussels Airport - Zaventem,BE.NMBS.IC2219,2026-01-07T19:39:00.0000000,0,8,2026-01-07T18:33:38.9670000
10,Gent-Sint-Pieters,Li��ge-Guillemins,BE.NMBS.IC2818,2026-01-07T19:41:00.0000000,0,10,2026-01-07T18:33:38.967
11,Gent-Sint-Pieters,Lokeren,BE.NMBS.S53669,2026-01-07T19:42:00.0000000,0,4,2026-01-07T18:33:38.9670000
12,Gent-Sint-Pieters,Bruges,BE.NMBS.L590,2026-01-07T19:45:00.0000000,60,11,2026-01-07T18:33:38.9670000
13,Gent-Sint-Pieters,Antwerp-Central,BE.NMBS.IC1819,2026-01-07T19:53:00.0000000,0,5,2026-01-07T18:33:38.9670000
14,Gent-Sint-Pieters,De Panne,BE.NMBS.IC3018,2026-01-07T19:53:00.0000000,60,6,2026-01-07T18:33:38.9670000
15,Gent-Sint-Pieters,Leuven,BE.NMBS.IC419,2026-01-07T19:56:00.0000000,0,9,2026-01-07T18:33:38.9670000
16,Gent-Sint-Pieters,Ronse/Renaix,BE.NMBS.S51790,2026-01-07T19:57:00.0000000,0,7,2026-01-07T18:33:38.9670000
17,Gent-Sint-Pieters,Leuven,BE.NMBS.IC4119,2026-01-07T19:57:00.0000000,0,4,2026-01-07T18:33:38.9670000
18,Gent-Sint-Pieters,Hasselt,BE.NMBS.IC1519,2026-01-07T20:00:00.0000000,0,11,2026-01-07T18:33:38.9670000
19,Gent-Sint-Pieters,Blankenberge,BE.NMBS.IC1540,2026-01-07T20:00:00.0000000,0,12,2026-01-07T18:33:38.9670000
20,Gent-Sint-Pieters,Geraardsbergen,BE.NMBS.S521870,2026-01-07T20:05:00.0000000,0,10,2026-01-07T18:33:38.9670000
21,Gent-Sint-Pieters,Antwerp-Central,BE.NMBS.IC3041,2026-01-07T20:09:00.0000000,0,5,2026-01-07T18:33:38.9670000
22,Gent-Sint-Pieters,Kortrijk,BE.NMBS.IC440,2026-01-07T20:09:00.0000000,0,11,2026-01-07T18:33:38.9670000
23,Gent-Sint-Pieters,Ostend,BE.NMBS.IC1840,2026-01-07T20:11:00.0000000,60,7,2026-01-07T18:33:38.9670000
24,Gent-Sint-Pieters,Eeklo,BE.NMBS.S51769,2026-01-07T20:12:00.0000000,0,4,2026-01-07T18:33:38.9670000
25,Gent-Sint-Pieters,Genk,BE.NMBS.IC3620,2026-01-07T20:13:00.0000000,0,8,2026-01-07T18:33:38.9670000
26,Gent-Sint-Pieters,Mechelen,BE.NMBS.L569,2026-01-07T20:20:00.0000000,0,4,2026-01-07T18:33:38.9670000
27,Gent-Sint-Pieters,Oudenaarde,BE.NMBS.S53690,2026-01-07T20:22:00.0000000,0,7,2026-01-07T18:33:38.9670000
28,Gent-Sint-Pieters,Knokke,BE.NMBS.IC2841,2026-01-07T20:22:00.0000000,0,12,2026-01-07T18:33:38.9670000
29,Gent-Sint-Pieters,Welkenraedt,BE.NMBS.IC519,2026-01-07T20:25:00.0000000,0,10,2026-01-07T18:33:38.9670000
30,Gent-Sint-Pieters,Antwerp-Central,BE.NMBS.IC741,2026-01-07T20:27:00.0000000,0,5,2026-01-07T18:33:38.9670000
31,Gent-Sint-Pieters,Mechelen,BE.NMBS.L559,2026-01-08T10:21:00.0000000,0,11,2026-01-08T09:21:32.4700000
32,Gent-Sint-Pieters,Oudenaarde,BE.NMBS.S53680,2026-01-08T10:22:00.0000000,0,5,2026-01-08T09:21:32.4700000
33,Gent-Sint-Pieters,Knokke,BE.NMBS.IC2831,2026-01-08T10:22:00.0000000,0,12,2026-01-08T09:21:32.4700000
34,Gent-Sint-Pieters,Eupen,BE.NMBS.IC509,2026-01-08T10:25:00.0000000,0,10,2026-01-08T09:21:32.4700000
35,Gent-Sint-Pieters,Antwerp-Central,BE.NMBS.IC731,2026-01-08T10:27:00.0000000,0,4,2026-01-08T09:21:32.4700000
36,Gent-Sint-Pieters,Poperinge,BE.NMBS.IC709,2026-01-08T10:36:00.0000000,0,6,2026-01-08T09:21:32.4700000
37,Gent-Sint-Pieters,Ostend,BE.NMBS.IC531,2026-01-08T10:39:00.0000000,0,12,2026-01-08T09:21:32.4700000
38,Gent-Sint-Pieters,Brussels Airport - Zaventem,BE.NMBS.IC2210,2026-01-08T10:39:00.0000000,0,9,2026-01-08T09:21:32.4700000
39,Gent-Sint-Pieters,Li��ge-Guillemins,BE.NMBS.IC2809,2026-01-08T10:41:00.0000000,0,10,2026-01-08T09:21:32.470
40,Gent-Sint-Pieters,Lokeren,BE.NMBS.S53660,2026-01-08T10:42:00.0000000,0,4,2026-01-08T09:21:32.4700000
41,Gent-Sint-Pieters,Zeebrugge-Dorp,BE.NMBS.L581,2026-01-08T10:45:00.0000000,0,5,2026-01-08T09:21:32.4700000
42,Gent-Sint-Pieters,Antwerp-Central,BE.NMBS.IC1810,2026-01-08T10:53:00.0000000,0,4,2026-01-08T09:21:32.4700000
43,Gent-Sint-Pieters,De Panne,BE.NMBS.IC3009,2026-01-08T10:53:00.0000000,60,10,2026-01-08T09:21:32.4700000
44,Gent-Sint-Pieters,Leuven,BE.NMBS.IC410,2026-01-08T10:55:00.0000000,0,9,2026-01-08T09:21:32.4700000
45,Gent-Sint-Pieters,Ronse/Renaix,BE.NMBS.S51781,2026-01-08T10:57:00.0000000,120,6,2026-01-08T09:21:32.4700000
46,Gent-Sint-Pieters,Leuven,BE.NMBS.IC4110,2026-01-08T10:57:00.0000000,0,5,2026-01-08T09:21:32.4700000
47,Gent-Sint-Pieters,Hasselt,BE.NMBS.IC1510,2026-01-08T11:00:00.0000000,0,10,2026-01-08T09:21:32.4700000
48,Gent-Sint-Pieters,Blankenberge,BE.NMBS.IC1531,2026-01-08T11:00:00.0000000,0,12,2026-01-08T09:21:32.4700000
49,Gent-Sint-Pieters,Geraardsbergen,BE.NMBS.S521861,2026-01-08T11:05:00.0000000,0,11,2026-01-08T09:21:32.4700000
50,Gent-Sint-Pieters,Antwerp-Central,BE.NMBS.IC3032,2026-01-08T11:09:00.0000000,0,5,2026-01-08T09:21:32.4700000
51,Gent-Sint-Pieters,Kortrijk,BE.NMBS.IC431,2026-01-08T11:09:00.0000000,0,7,2026-01-08T09:21:32.4700000
52,Gent-Sint-Pieters,Ostend,BE.NMBS.IC1831,2026-01-08T11:11:00.0000000,60,6,2026-01-08T09:21:32.4700000
53,Gent-Sint-Pieters,Eeklo,BE.NMBS.S51760,2026-01-08T11:12:00.0000000,0,4,2026-01-08T09:21:32.4700000
54,Gent-Sint-Pieters,Genk,BE.NMBS.IC3611,2026-01-08T11:12:00.0000000,0,8,2026-01-08T09:21:32.4700000
55,Gent-Sint-Pieters,Mechelen,BE.NMBS.L560,2026-01-08T11:21:00.0000000,0,4,2026-01-08T09:21:32.4700000
56,Gent-Sint-Pieters,Geraardsbergen,BE.NMBS.S521862,2026-01-08T12:05:00.0000000,60,8,2026-01-08T11:06:33.7230000
57,Gent-Sint-Pieters,Kortrijk,BE.NMBS.IC432,2026-01-08T12:09:00.0000000,0,?,2026-01-08T11:06:33.7230000
58,Gent-Sint-Pieters,Antwerp-Central,BE.NMBS.IC3033,2026-01-08T12:09:00.0000000,0,5,2026-01-08T11:06:33.7230000
59,Gent-Sint-Pieters,Ostend,BE.NMBS.IC1832,2026-01-08T12:11:00.0000000,180,6,2026-01-08T11:06:33.7230000
60,Gent-Sint-Pieters,Eeklo,BE.NMBS.S51761,2026-01-08T12:12:00.0000000,0,4,2026-01-08T11:06:33.7230000
61,Gent-Sint-Pieters,Genk,BE.NMBS.IC3612,2026-01-08T12:13:00.0000000,0,10,2026-01-08T11:06:33.7230000
62,Gent-Sint-Pieters,Bruges,BE.NMBS.P7055,2026-01-08T12:19:00.0000000,0,9,2026-01-08T11:06:33.7230000
63,Gent-Sint-Pieters,Mechelen,BE.NMBS.L561,2026-01-08T12:21:00.0000000,0,4,2026-01-08T11:06:33.7230000
64,Gent-Sint-Pieters,Knokke,BE.NMBS.IC2833,2026-01-08T12:22:00.0000000,0,12,2026-01-08T11:06:33.7230000
65,Gent-Sint-Pieters,Ronse/Renaix,BE.NMBS.S53682,2026-01-08T12:23:00.0000000,0,6,2026-01-08T11:06:33.7230000
66,Gent-Sint-Pieters,Eupen,BE.NMBS.IC511,2026-01-08T12:25:00.0000000,0,10,2026-01-08T11:06:33.7230000
67,Gent-Sint-Pieters,Antwerp-Central,BE.NMBS.IC733,2026-01-08T12:27:00.0000000,0,4,2026-01-08T11:06:33.7230000
68,Gent-Sint-Pieters,Poperinge,BE.NMBS.IC711,2026-01-08T12:36:00.0000000,0,9,2026-01-08T11:06:33.7230000
69,Gent-Sint-Pieters,Ostend,BE.NMBS.IC533,2026-01-08T12:39:00.0000000,120,12,2026-01-08T11:06:33.7230000
70,Gent-Sint-Pieters,Brussels Airport - Zaventem,BE.NMBS.IC2212,2026-01-08T12:39:00.0000000,0,7,2026-01-08T11:06:33.7230000
71,Gent-Sint-Pieters,Li��ge-Guillemins,BE.NMBS.IC2811,2026-01-08T12:41:00.0000000,0,10,2026-01-08T11:06:33.723
72,Gent-Sint-Pieters,Kortrijk,BE.NMBS.P7999,2026-01-08T12:41:00.0000000,0,6,2026-01-08T11:06:33.7230000
73,Gent-Sint-Pieters,Lokeren,BE.NMBS.S53662,2026-01-08T12:42:00.0000000,0,4,2026-01-08T11:06:33.7230000
74,Gent-Sint-Pieters,Zeebrugge-Dorp,BE.NMBS.L583,2026-01-08T12:45:00.0000000,0,8,2026-01-08T11:06:33.7230000
75,Gent-Sint-Pieters,Antwerp-Central,BE.NMBS.IC1812,2026-01-08T12:52:00.0000000,0,11,2026-01-08T11:06:33.7230000
76,Gent-Sint-Pieters,De Panne,BE.NMBS.IC3011,2026-01-08T12:53:00.0000000,60,8,2026-01-08T11:06:33.7230000
77,Gent-Sint-Pieters,Welkenraedt,BE.NMBS.IC412,2026-01-08T12:55:00.0000000,0,?,2026-01-08T11:06:33.7230000
78,Gent-Sint-Pieters,Ronse/Renaix,BE.NMBS.S51783,2026-01-08T12:57:00.0000000,0,6,2026-01-08T11:06:33.7230000
79,Gent-Sint-Pieters,Leuven,BE.NMBS.IC4112,2026-01-08T12:57:00.0000000,0,4,2026-01-08T11:06:33.7230000
80,Gent-Sint-Pieters,Genk,BE.NMBS.IC1512,2026-01-08T13:00:00.0000000,0,11,2026-01-08T11:06:33.7230000
81,Gent-Sint-Pieters,Blankenberge,BE.NMBS.IC1533,2026-01-08T13:00:00.0000000,0,12,2026-01-08T11:06:33.7230000
82,Gent-Sint-Pieters,Geraardsbergen,BE.NMBS.S521863,2026-01-08T13:05:00.0000000,0,7,2026-01-08T11:06:33.7230000
83,Gent-Sint-Pieters,Antwerp-Central,BE.NMBS.IC1813,2026-01-08T13:53:00.0000000,660,4,2026-01-08T12:59:03.3800000
84,Gent-Sint-Pieters,Genk,BE.NMBS.IC1513,2026-01-08T14:00:00.0000000,0,11,2026-01-08T12:59:03.3800000
85,Gent-Sint-Pieters,Blankenberge,BE.NMBS.IC1534,2026-01-08T14:00:00.0000000,0,12,2026-01-08T12:59:03.3800000
86,Gent-Sint-Pieters,Geraardsbergen,BE.NMBS.S521864,2026-01-08T14:05:00.0000000,120,9,2026-01-08T12:59:03.3800000
87,Gent-Sint-Pieters,Antwerp-Central,BE.NMBS.IC3035,2026-01-08T14:09:00.0000000,180,4,2026-01-08T12:59:03.3800000
88,Gent-Sint-Pieters,Kortrijk,BE.NMBS.IC434,2026-01-08T14:09:00.0000000,0,11,2026-01-08T12:59:03.3800000
89,Gent-Sint-Pieters,Ostend,BE.NMBS.IC1834,2026-01-08T14:11:00.0000000,0,7,2026-01-08T12:59:03.3800000
90,Gent-Sint-Pieters,Eeklo,BE.NMBS.S51763,2026-01-08T14:12:00.0000000,120,5,2026-01-08T12:59:03.3800000
91,Gent-Sint-Pieters,Genk,BE.NMBS.IC3614,2026-01-08T14:13:00.0000000,0,10,2026-01-08T12:59:03.3800000
92,Gent-Sint-Pieters,Mechelen,BE.NMBS.L563,2026-01-08T14:21:00.0000000,0,11,2026-01-08T12:59:03.3800000
93,Gent-Sint-Pieters,Knokke,BE.NMBS.IC2835,2026-01-08T14:22:00.0000000,0,12,2026-01-08T12:59:03.3800000
94,Gent-Sint-Pieters,Eupen,BE.NMBS.IC513,2026-01-08T14:25:00.0000000,0,10,2026-01-08T12:59:03.3800000
95,Gent-Sint-Pieters,Oudenaarde,BE.NMBS.S53684,2026-01-08T14:27:00.0000000,0,5,2026-01-08T12:59:03.3800000
96,Gent-Sint-Pieters,Antwerp-Central,BE.NMBS.IC735,2026-01-08T14:27:00.0000000,0,4,2026-01-08T12:59:03.3800000
97,Gent-Sint-Pieters,Poperinge,BE.NMBS.IC713,2026-01-08T14:36:00.0000000,0,6,2026-01-08T12:59:03.3800000
98,Gent-Sint-Pieters,Ostend,BE.NMBS.IC535,2026-01-08T14:39:00.0000000,0,12,2026-01-08T12:59:03.3800000
99,Gent-Sint-Pieters,Brussels Airport - Zaventem,BE.NMBS.IC2214,2026-01-08T14:39:00.0000000,0,9,2026-01-08T12:59:03.3800000
100,Gent-Sint-Pieters,Li��ge-Guillemins,BE.NMBS.IC2813,2026-01-08T14:41:00.0000000,0,10,2026-01-08T12:59:03.380
101,Gent-Sint-Pieters,Lokeren,BE.NMBS.S53664,2026-01-08T14:42:00.0000000,0,4,2026-01-08T12:59:03.3800000
102,Gent-Sint-Pieters,Zeebrugge-Dorp,BE.NMBS.L585,2026-01-08T14:45:00.0000000,0,11,2026-01-08T12:59:03.3800000
103,Gent-Sint-Pieters,Antwerp-Central,BE.NMBS.IC1814,2026-01-08T14:53:00.0000000,0,4,2026-01-08T12:59:03.3800000
104,Gent-Sint-Pieters,De Panne,BE.NMBS.IC3013,2026-01-08T14:53:00.0000000,60,5,2026-01-08T12:59:03.3800000
105,Gent-Sint-Pieters,Welkenraedt,BE.NMBS.IC414,2026-01-08T14:56:00.0000000,0,9,2026-01-08T12:59:03.3800000
106,Gent-Sint-Pieters,Ronse/Renaix,BE.NMBS.S51785,2026-01-08T14:57:00.0000000,0,6,2026-01-08T12:59:03.3800000
107,Gent-Sint-Pieters,Leuven,BE.NMBS.IC4114,2026-01-08T14:57:00.0000000,0,7,2026-01-08T12:59:03.3800000
108,Gent-Sint-Pieters,Antwerp-Central,BE.NMBS.IC1813,2026-01-08T13:53:00.0000000,0,4,2026-01-08T13:00:03.7870000
109,Gent-Sint-Pieters,Blankenberge,BE.NMBS.IC1534,2026-01-08T14:00:00.0000000,0,12,2026-01-08T13:00:03.7870000
110,Gent-Sint-Pieters,Genk,BE.NMBS.IC1513,2026-01-08T14:00:00.0000000,0,11,2026-01-08T13:00:03.7870000
111,Gent-Sint-Pieters,Geraardsbergen,BE.NMBS.S521864,2026-01-08T14:05:00.0000000,120,9,2026-01-08T13:00:03.7870000
112,Gent-Sint-Pieters,Antwerp-Central,BE.NMBS.IC3035,2026-01-08T14:09:00.0000000,180,4,2026-01-08T13:00:03.7870000
113,Gent-Sint-Pieters,Kortrijk,BE.NMBS.IC434,2026-01-08T14:09:00.0000000,0,11,2026-01-08T13:00:03.7870000
114,Gent-Sint-Pieters,Ostend,BE.NMBS.IC1834,2026-01-08T14:11:00.0000000,0,7,2026-01-08T13:00:03.7870000
115,Gent-Sint-Pieters,Eeklo,BE.NMBS.S51763,2026-01-08T14:12:00.0000000,120,5,2026-01-08T13:00:03.7870000
116,Gent-Sint-Pieters,Genk,BE.NMBS.IC3614,2026-01-08T14:13:00.0000000,0,10,2026-01-08T13:00:03.7870000
117,Gent-Sint-Pieters,Mechelen,BE.NMBS.L563,2026-01-08T14:21:00.0000000,0,11,2026-01-08T13:00:03.7870000
118,Gent-Sint-Pieters,Knokke,BE.NMBS.IC2835,2026-01-08T14:22:00.0000000,0,12,2026-01-08T13:00:03.7870000
119,Gent-Sint-Pieters,Eupen,BE.NMBS.IC513,2026-01-08T14:25:00.0000000,0,10,2026-01-08T13:00:03.7870000
120,Gent-Sint-Pieters,Oudenaarde,BE.NMBS.S53684,2026-01-08T14:27:00.0000000,0,5,2026-01-08T13:00:03.7870000
121,Gent-Sint-Pieters,Antwerp-Central,BE.NMBS.IC735,2026-01-08T14:27:00.0000000,0,4,2026-01-08T13:00:03.7870000
122,Gent-Sint-Pieters,Poperinge,BE.NMBS.IC713,2026-01-08T14:36:00.0000000,0,6,2026-01-08T13:00:03.7870000
123,Gent-Sint-Pieters,Ostend,BE.NMBS.IC535,2026-01-08T14:39:00.0000000,0,12,2026-01-08T13:00:03.7870000
124,Gent-Sint-Pieters,Brussels Airport - Zaventem,BE.NMBS.IC2214,2026-01-08T14:39:00.0000000,0,9,2026-01-08T13:00:03.7870000
125,Gent-Sint-Pieters,Li��ge-Guillemins,BE.NMBS.IC2813,2026-01-08T14:41:00.0000000,0,10,2026-01-08T13:00:03.787
126,Gent-Sint-Pieters,Lokeren,BE.NMBS.S53664,2026-01-08T14:42:00.0000000,0,4,2026-01-08T13:00:03.7870000
127,Gent-Sint-Pieters,Zeebrugge-Dorp,BE.NMBS.L585,2026-01-08T14:45:00.0000000,0,11,2026-01-08T13:00:03.7870000
128,Gent-Sint-Pieters,Antwerp-Central,BE.NMBS.IC1814,2026-01-08T14:53:00.0000000,0,4,2026-01-08T13:00:03.7870000
129,Gent-Sint-Pieters,De Panne,BE.NMBS.IC3013,2026-01-08T14:53:00.0000000,60,5,2026-01-08T13:00:03.7870000
130,Gent-Sint-Pieters,Welkenraedt,BE.NMBS.IC414,2026-01-08T14:56:00.0000000,0,9,2026-01-08T13:00:03.7870000
131,Gent-Sint-Pieters,Ronse/Renaix,BE.NMBS.S51785,2026-01-08T14:57:00.0000000,0,6,2026-01-08T13:00:03.7870000
132,Gent-Sint-Pieters,Leuven,BE.NMBS.IC4114,2026-01-08T14:57:00.0000000,0,7,2026-01-08T13:00:03.7870000
133,Gent-Sint-Pieters,Hasselt,BE.NMBS.IC1514,2026-01-08T15:00:00.0000000,0,11,2026-01-08T13:00:03.7870000
134,Gent-Sint-Pieters,Blankenberge,BE.NMBS.IC1535,2026-01-08T15:00:00.0000000,0,12,2026-01-08T13:00:03.7870000
135,Gent-Sint-Pieters,Antwerp-Central,BE.NMBS.IC1813,2026-01-08T13:53:00.0000000,0,4,2026-01-08T13:01:05.9770000
136,Gent-Sint-Pieters,Geraardsbergen,BE.NMBS.S521864,2026-01-08T14:05:00.0000000,120,9,2026-01-08T13:01:05.9770000
137,Gent-Sint-Pieters,Antwerp-Central,BE.NMBS.IC3035,2026-01-08T14:09:00.0000000,180,4,2026-01-08T13:01:05.9770000
138,Gent-Sint-Pieters,Kortrijk,BE.NMBS.IC434,2026-01-08T14:09:00.0000000,0,11,2026-01-08T13:01:05.9770000
139,Gent-Sint-Pieters,Ostend,BE.NMBS.IC1834,2026-01-08T14:11:00.0000000,0,7,2026-01-08T13:01:05.9770000
140,Gent-Sint-Pieters,Eeklo,BE.NMBS.S51763,2026-01-08T14:12:00.0000000,120,5,2026-01-08T13:01:05.9770000
141,Gent-Sint-Pieters,Genk,BE.NMBS.IC3614,2026-01-08T14:13:00.0000000,0,10,2026-01-08T13:01:05.9770000
142,Gent-Sint-Pieters,Mechelen,BE.NMBS.L563,2026-01-08T14:21:00.0000000,0,11,2026-01-08T13:01:05.9770000
143,Gent-Sint-Pieters,Knokke,BE.NMBS.IC2835,2026-01-08T14:22:00.0000000,0,12,2026-01-08T13:01:05.9770000
144,Gent-Sint-Pieters,Eupen,BE.NMBS.IC513,2026-01-08T14:25:00.0000000,0,10,2026-01-08T13:01:05.9770000
145,Gent-Sint-Pieters,Oudenaarde,BE.NMBS.S53684,2026-01-08T14:27:00.0000000,0,5,2026-01-08T13:01:05.9770000
146,Gent-Sint-Pieters,Antwerp-Central,BE.NMBS.IC735,2026-01-08T14:27:00.0000000,0,4,2026-01-08T13:01:05.9770000
147,Gent-Sint-Pieters,Poperinge,BE.NMBS.IC713,2026-01-08T14:36:00.0000000,0,6,2026-01-08T13:01:05.9770000
148,Gent-Sint-Pieters,Ostend,BE.NMBS.IC535,2026-01-08T14:39:00.0000000,0,12,2026-01-08T13:01:05.9770000
149,Gent-Sint-Pieters,Brussels Airport - Zaventem,BE.NMBS.IC2214,2026-01-08T14:39:00.0000000,0,9,2026-01-08T13:01:05.9770000
150,Gent-Sint-Pieters,Li��ge-Guillemins,BE.NMBS.IC2813,2026-01-08T14:41:00.0000000,0,10,2026-01-08T13:01:05.977
151,Gent-Sint-Pieters,Lokeren,BE.NMBS.S53664,2026-01-08T14:42:00.0000000,0,4,2026-01-08T13:01:05.9770000
152,Gent-Sint-Pieters,Zeebrugge-Dorp,BE.NMBS.L585,2026-01-08T14:45:00.0000000,0,11,2026-01-08T13:01:05.9770000
153,Gent-Sint-Pieters,Antwerp-Central,BE.NMBS.IC1814,2026-01-08T14:53:00.0000000,0,4,2026-01-08T13:01:05.9770000
154,Gent-Sint-Pieters,De Panne,BE.NMBS.IC3013,2026-01-08T14:53:00.0000000,60,5,2026-01-08T13:01:05.9770000
155,Gent-Sint-Pieters,Welkenraedt,BE.NMBS.IC414,2026-01-08T14:56:00.0000000,0,9,2026-01-08T13:01:05.9770000
156,Gent-Sint-Pieters,Ronse/Renaix,BE.NMBS.S51785,2026-01-08T14:57:00.0000000,0,6,2026-01-08T13:01:05.9770000
157,Gent-Sint-Pieters,Leuven,BE.NMBS.IC4114,2026-01-08T14:57:00.0000000,0,7,2026-01-08T13:01:05.9770000
158,Gent-Sint-Pieters,Hasselt,BE.NMBS.IC1514,2026-01-08T15:00:00.0000000,0,11,2026-01-08T13:01:05.9770000
159,Gent-Sint-Pieters,Blankenberge,BE.NMBS.IC1535,2026-01-08T15:00:00.0000000,0,12,2026-01-08T13:01:05.9770000
160,Gent-Sint-Pieters,Antwerp-Central,BE.NMBS.IC1813,2026-01-08T13:53:00.0000000,0,4,2026-01-08T13:02:02.9630000
161,Gent-Sint-Pieters,Geraardsbergen,BE.NMBS.S521864,2026-01-08T14:05:00.0000000,240,9,2026-01-08T13:02:02.9630000
162,Gent-Sint-Pieters,Antwerp-Central,BE.NMBS.IC3035,2026-01-08T14:09:00.0000000,180,4,2026-01-08T13:02:02.9630000
163,Gent-Sint-Pieters,Kortrijk,BE.NMBS.IC434,2026-01-08T14:09:00.0000000,0,11,2026-01-08T13:02:02.9630000
164,Gent-Sint-Pieters,Ostend,BE.NMBS.IC1834,2026-01-08T14:11:00.0000000,0,7,2026-01-08T13:02:02.9630000
165,Gent-Sint-Pieters,Eeklo,BE.NMBS.S51763,2026-01-08T14:12:00.0000000,180,5,2026-01-08T13:02:02.9630000
166,Gent-Sint-Pieters,Genk,BE.NMBS.IC3614,2026-01-08T14:13:00.0000000,0,10,2026-01-08T13:02:02.9630000
167,Gent-Sint-Pieters,Mechelen,BE.NMBS.L563,2026-01-08T14:21:00.0000000,0,11,2026-01-08T13:02:02.9630000
168,Gent-Sint-Pieters,Knokke,BE.NMBS.IC2835,2026-01-08T14:22:00.0000000,0,12,2026-01-08T13:02:02.9630000
169,Gent-Sint-Pieters,Eupen,BE.NMBS.IC513,2026-01-08T14:25:00.0000000,0,10,2026-01-08T13:02:02.9630000
170,Gent-Sint-Pieters,Oudenaarde,BE.NMBS.S53684,2026-01-08T14:27:00.0000000,0,5,2026-01-08T13:02:02.9630000
171,Gent-Sint-Pieters,Antwerp-Central,BE.NMBS.IC735,2026-01-08T14:27:00.0000000,0,4,2026-01-08T13:02:02.9630000
172,Gent-Sint-Pieters,Poperinge,BE.NMBS.IC713,2026-01-08T14:36:00.0000000,0,6,2026-01-08T13:02:02.9630000
173,Gent-Sint-Pieters,Ostend,BE.NMBS.IC535,2026-01-08T14:39:00.0000000,0,12,2026-01-08T13:02:02.9630000
174,Gent-Sint-Pieters,Brussels Airport - Zaventem,BE.NMBS.IC2214,2026-01-08T14:39:00.0000000,0,9,2026-01-08T13:02:02.9630000
175,Gent-Sint-Pieters,Li��ge-Guillemins,BE.NMBS.IC2813,2026-01-08T14:41:00.0000000,0,10,2026-01-08T13:02:02.963
176,Gent-Sint-Pieters,Lokeren,BE.NMBS.S53664,2026-01-08T14:42:00.0000000,0,4,2026-01-08T13:02:02.9630000
177,Gent-Sint-Pieters,Zeebrugge-Dorp,BE.NMBS.L585,2026-01-08T14:45:00.0000000,0,11,2026-01-08T13:02:02.9630000
178,Gent-Sint-Pieters,Antwerp-Central,BE.NMBS.IC1814,2026-01-08T14:53:00.0000000,0,4,2026-01-08T13:02:02.9630000
179,Gent-Sint-Pieters,De Panne,BE.NMBS.IC3013,2026-01-08T14:53:00.0000000,60,5,2026-01-08T13:02:02.9630000
180,Gent-Sint-Pieters,Welkenraedt,BE.NMBS.IC414,2026-01-08T14:56:00.0000000,0,9,2026-01-08T13:02:02.9630000
181,Gent-Sint-Pieters,Ronse/Renaix,BE.NMBS.S51785,2026-01-08T14:57:00.0000000,0,6,2026-01-08T13:02:02.9630000
182,Gent-Sint-Pieters,Leuven,BE.NMBS.IC4114,2026-01-08T14:57:00.0000000,0,7,2026-01-08T13:02:02.9630000
183,Gent-Sint-Pieters,Hasselt,BE.NMBS.IC1514,2026-01-08T15:00:00.0000000,0,11,2026-01-08T13:02:02.9630000
184,Gent-Sint-Pieters,Blankenberge,BE.NMBS.IC1535,2026-01-08T15:00:00.0000000,0,12,2026-01-08T13:02:02.9630000
185,Gent-Sint-Pieters,Antwerp-Central,BE.NMBS.IC1813,2026-01-08T13:53:00.0000000,0,4,2026-01-08T13:03:03.6730000
186,Gent-Sint-Pieters,Geraardsbergen,BE.NMBS.S521864,2026-01-08T14:05:00.0000000,240,9,2026-01-08T13:03:03.6730000
187,Gent-Sint-Pieters,Antwerp-Central,BE.NMBS.IC3035,2026-01-08T14:09:00.0000000,180,4,2026-01-08T13:03:03.6730000
188,Gent-Sint-Pieters,Kortrijk,BE.NMBS.IC434,2026-01-08T14:09:00.0000000,0,11,2026-01-08T13:03:03.6730000
189,Gent-Sint-Pieters,Ostend,BE.NMBS.IC1834,2026-01-08T14:11:00.0000000,0,7,2026-01-08T13:03:03.6730000
190,Gent-Sint-Pieters,Eeklo,BE.NMBS.S51763,2026-01-08T14:12:00.0000000,180,5,2026-01-08T13:03:03.6730000
191,Gent-Sint-Pieters,Genk,BE.NMBS.IC3614,2026-01-08T14:13:00.0000000,0,10,2026-01-08T13:03:03.6730000
192,Gent-Sint-Pieters,Mechelen,BE.NMBS.L563,2026-01-08T14:21:00.0000000,0,11,2026-01-08T13:03:03.6730000
193,Gent-Sint-Pieters,Knokke,BE.NMBS.IC2835,2026-01-08T14:22:00.0000000,0,12,2026-01-08T13:03:03.6730000
194,Gent-Sint-Pieters,Eupen,BE.NMBS.IC513,2026-01-08T14:25:00.0000000,0,10,2026-01-08T13:03:03.6730000
195,Gent-Sint-Pieters,Oudenaarde,BE.NMBS.S53684,2026-01-08T14:27:00.0000000,0,5,2026-01-08T13:03:03.6730000
196,Gent-Sint-Pieters,Antwerp-Central,BE.NMBS.IC735,2026-01-08T14:27:00.0000000,0,4,2026-01-08T13:03:03.6730000
197,Gent-Sint-Pieters,Poperinge,BE.NMBS.IC713,2026-01-08T14:36:00.0000000,0,6,2026-01-08T13:03:03.6730000
198,Gent-Sint-Pieters,Ostend,BE.NMBS.IC535,2026-01-08T14:39:00.0000000,0,12,2026-01-08T13:03:03.6730000
199,Gent-Sint-Pieters,Brussels Airport - Zaventem,BE.NMBS.IC2214,2026-01-08T14:39:00.0000000,0,9,2026-01-08T13:03:03.6730000
200,Gent-Sint-Pieters,Li��ge-Guillemins,BE.NMBS.IC2813,2026-01-08T14:41:00.0000000,0,10,2026-01-08T13:03:03.673
201,Gent-Sint-Pieters,Lokeren,BE.NMBS.S53664,2026-01-08T14:42:00.0000000,0,4,2026-01-08T13:03:03.6730000
202,Gent-Sint-Pieters,Zeebrugge-Dorp,BE.NMBS.L585,2026-01-08T14:45:00.0000000,0,11,2026-01-08T13:03:03.6730000
203,Gent-Sint-Pieters,Antwerp-Central,BE.NMBS.IC1814,2026-01-08T14:53:00.0000000,0,4,2026-01-08T13:03:03.6730000
204,Gent-Sint-Pieters,De Panne,BE.NMBS.IC3013,2026-01-08T14:53:00.0000000,60,5,2026-01-08T13:03:03.6730000
205,Gent-Sint-Pieters,Welkenraedt,BE.NMBS.IC414,2026-01-08T14:56:00.0000000,0,9,2026-01-08T13:03:03.6730000
206,Gent-Sint-Pieters,Ronse/Renaix,BE.NMBS.S51785,2026-01-08T14:57:00.0000000,0,6,2026-01-08T13:03:03.6730000
207,Gent-Sint-Pieters,Leuven,BE.NMBS.IC4114,2026-01-08T14:57:00.0000000,0,7,2026-01-08T13:03:03.6730000
208,Gent-Sint-Pieters,Hasselt,BE.NMBS.IC1514,2026-01-08T15:00:00.0000000,0,11,2026-01-08T13:03:03.6730000
209,Gent-Sint-Pieters,Blankenberge,BE.NMBS.IC1535,2026-01-08T15:00:00.0000000,0,12,2026-01-08T13:03:03.6730000
210,Gent-Sint-Pieters,Geraardsbergen,BE.NMBS.S521864,2026-01-08T14:05:00.0000000,240,9,2026-01-08T13:04:02.1900000
211,Gent-Sint-Pieters,Kortrijk,BE.NMBS.IC434,2026-01-08T14:09:00.0000000,0,11,2026-01-08T13:04:02.1900000
212,Gent-Sint-Pieters,Antwerp-Central,BE.NMBS.IC3035,2026-01-08T14:09:00.0000000,180,4,2026-01-08T13:04:02.1900000
213,Gent-Sint-Pieters,Ostend,BE.NMBS.IC1834,2026-01-08T14:11:00.0000000,0,7,2026-01-08T13:04:02.1900000
214,Gent-Sint-Pieters,Eeklo,BE.NMBS.S51763,2026-01-08T14:12:00.0000000,180,5,2026-01-08T13:04:02.1900000
215,Gent-Sint-Pieters,Genk,BE.NMBS.IC3614,2026-01-08T14:13:00.0000000,0,10,2026-01-08T13:04:02.1900000
216,Gent-Sint-Pieters,Mechelen,BE.NMBS.L563,2026-01-08T14:21:00.0000000,0,11,2026-01-08T13:04:02.1900000
217,Gent-Sint-Pieters,Knokke,BE.NMBS.IC2835,2026-01-08T14:22:00.0000000,0,12,2026-01-08T13:04:02.1900000
218,Gent-Sint-Pieters,Eupen,BE.NMBS.IC513,2026-01-08T14:25:00.0000000,0,10,2026-01-08T13:04:02.1900000
219,Gent-Sint-Pieters,Oudenaarde,BE.NMBS.S53684,2026-01-08T14:27:00.0000000,0,5,2026-01-08T13:04:02.1900000
220,Gent-Sint-Pieters,Antwerp-Central,BE.NMBS.IC735,2026-01-08T14:27:00.0000000,0,4,2026-01-08T13:04:02.1900000
221,Gent-Sint-Pieters,Poperinge,BE.NMBS.IC713,2026-01-08T14:36:00.0000000,0,6,2026-01-08T13:04:02.1900000
222,Gent-Sint-Pieters,Ostend,BE.NMBS.IC535,2026-01-08T14:39:00.0000000,0,12,2026-01-08T13:04:02.1900000
223,Gent-Sint-Pieters,Brussels Airport - Zaventem,BE.NMBS.IC2214,2026-01-08T14:39:00.0000000,0,9,2026-01-08T13:04:02.1900000
224,Gent-Sint-Pieters,Li��ge-Guillemins,BE.NMBS.IC2813,2026-01-08T14:41:00.0000000,0,10,2026-01-08T13:04:02.190
225,Gent-Sint-Pieters,Lokeren,BE.NMBS.S53664,2026-01-08T14:42:00.0000000,0,4,2026-01-08T13:04:02.1900000
226,Gent-Sint-Pieters,Zeebrugge-Dorp,BE.NMBS.L585,2026-01-08T14:45:00.0000000,0,11,2026-01-08T13:04:02.1900000
227,Gent-Sint-Pieters,Antwerp-Central,BE.NMBS.IC1814,2026-01-08T14:53:00.0000000,0,4,2026-01-08T13:04:02.1900000
228,Gent-Sint-Pieters,De Panne,BE.NMBS.IC3013,2026-01-08T14:53:00.0000000,60,5,2026-01-08T13:04:02.1900000
229,Gent-Sint-Pieters,Welkenraedt,BE.NMBS.IC414,2026-01-08T14:56:00.0000000,0,9,2026-01-08T13:04:02.1900000
230,Gent-Sint-Pieters,Ronse/Renaix,BE.NMBS.S51785,2026-01-08T14:57:00.0000000,0,6,2026-01-08T13:04:02.1900000
231,Gent-Sint-Pieters,Leuven,BE.NMBS.IC4114,2026-01-08T14:57:00.0000000,0,7,2026-01-08T13:04:02.1900000
232,Gent-Sint-Pieters,Hasselt,BE.NMBS.IC1514,2026-01-08T15:00:00.0000000,0,11,2026-01-08T13:04:02.1900000
233,Gent-Sint-Pieters,Blankenberge,BE.NMBS.IC1535,2026-01-08T15:00:00.0000000,0,12,2026-01-08T13:04:02.1900000
234,Gent-Sint-Pieters,Geraardsbergen,BE.NMBS.S521864,2026-01-08T14:05:00.0000000,300,9,2026-01-08T13:05:00.7830000
235,Gent-Sint-Pieters,Kortrijk,BE.NMBS.IC434,2026-01-08T14:09:00.0000000,60,11,2026-01-08T13:05:00.7830000
236,Gent-Sint-Pieters,Antwerp-Central,BE.NMBS.IC3035,2026-01-08T14:09:00.0000000,180,4,2026-01-08T13:05:00.7830000
237,Gent-Sint-Pieters,Ostend,BE.NMBS.IC1834,2026-01-08T14:11:00.0000000,0,7,2026-01-08T13:05:00.7830000
238,Gent-Sint-Pieters,Eeklo,BE.NMBS.S51763,2026-01-08T14:12:00.0000000,240,5,2026-01-08T13:05:00.7830000
239,Gent-Sint-Pieters,Genk,BE.NMBS.IC3614,2026-01-08T14:13:00.0000000,0,10,2026-01-08T13:05:00.7830000
240,Gent-Sint-Pieters,Mechelen,BE.NMBS.L563,2026-01-08T14:21:00.0000000,0,11,2026-01-08T13:05:00.7830000
241,Gent-Sint-Pieters,Knokke,BE.NMBS.IC2835,2026-01-08T14:22:00.0000000,0,12,2026-01-08T13:05:00.7830000
242,Gent-Sint-Pieters,Eupen,BE.NMBS.IC513,2026-01-08T14:25:00.0000000,0,10,2026-01-08T13:05:00.7830000
243,Gent-Sint-Pieters,Oudenaarde,BE.NMBS.S53684,2026-01-08T14:27:00.0000000,0,5,2026-01-08T13:05:00.7830000
244,Gent-Sint-Pieters,Antwerp-Central,BE.NMBS.IC735,2026-01-08T14:27:00.0000000,0,4,2026-01-08T13:05:00.7830000
245,Gent-Sint-Pieters,Poperinge,BE.NMBS.IC713,2026-01-08T14:36:00.0000000,0,6,2026-01-08T13:05:00.7830000
246,Gent-Sint-Pieters,Ostend,BE.NMBS.IC535,2026-01-08T14:39:00.0000000,0,12,2026-01-08T13:05:00.7830000
247,Gent-Sint-Pieters,Brussels Airport - Zaventem,BE.NMBS.IC2214,2026-01-08T14:39:00.0000000,0,9,2026-01-08T13:05:00.7830000
248,Gent-Sint-Pieters,Li��ge-Guillemins,BE.NMBS.IC2813,2026-01-08T14:41:00.0000000,0,10,2026-01-08T13:05:00.783
249,Gent-Sint-Pieters,Lokeren,BE.NMBS.S53664,2026-01-08T14:42:00.0000000,0,4,2026-01-08T13:05:00.7830000
250,Gent-Sint-Pieters,Zeebrugge-Dorp,BE.NMBS.L585,2026-01-08T14:45:00.0000000,0,11,2026-01-08T13:05:00.7830000
251,Gent-Sint-Pieters,Antwerp-Central,BE.NMBS.IC1814,2026-01-08T14:53:00.0000000,0,4,2026-01-08T13:05:00.7830000
252,Gent-Sint-Pieters,De Panne,BE.NMBS.IC3013,2026-01-08T14:53:00.0000000,60,5,2026-01-08T13:05:00.7830000
253,Gent-Sint-Pieters,Welkenraedt,BE.NMBS.IC414,2026-01-08T14:56:00.0000000,0,9,2026-01-08T13:05:00.7830000
254,Gent-Sint-Pieters,Ronse/Renaix,BE.NMBS.S51785,2026-01-08T14:57:00.0000000,0,6,2026-01-08T13:05:00.7830000
255,Gent-Sint-Pieters,Leuven,BE.NMBS.IC4114,2026-01-08T14:57:00.0000000,0,7,2026-01-08T13:05:00.7830000
256,Gent-Sint-Pieters,Hasselt,BE.NMBS.IC1514,2026-01-08T15:00:00.0000000,0,11,2026-01-08T13:05:00.7830000
257,Gent-Sint-Pieters,Blankenberge,BE.NMBS.IC1535,2026-01-08T15:00:00.0000000,0,12,2026-01-08T13:05:00.7830000
258,Gent-Sint-Pieters,Geraardsbergen,BE.NMBS.S521865,2026-01-08T15:05:00.0000000,0,7,2026-01-08T13:05:00.7830000
259,Gent-Sint-Pieters,Geraardsbergen,BE.NMBS.S521864,2026-01-08T14:05:00.0000000,300,9,2026-01-08T13:06:03.5770000
260,Gent-Sint-Pieters,Kortrijk,BE.NMBS.IC434,2026-01-08T14:09:00.0000000,0,11,2026-01-08T13:06:03.5770000
261,Gent-Sint-Pieters,Antwerp-Central,BE.NMBS.IC3035,2026-01-08T14:09:00.0000000,180,4,2026-01-08T13:06:03.5770000
262,Gent-Sint-Pieters,Ostend,BE.NMBS.IC1834,2026-01-08T14:11:00.0000000,0,7,2026-01-08T13:06:03.5770000
263,Gent-Sint-Pieters,Eeklo,BE.NMBS.S51763,2026-01-08T14:12:00.0000000,0,5,2026-01-08T13:06:03.5770000
264,Gent-Sint-Pieters,Genk,BE.NMBS.IC3614,2026-01-08T14:13:00.0000000,0,10,2026-01-08T13:06:03.5770000
265,Gent-Sint-Pieters,Mechelen,BE.NMBS.L563,2026-01-08T14:21:00.0000000,0,11,2026-01-08T13:06:03.5770000
266,Gent-Sint-Pieters,Knokke,BE.NMBS.IC2835,2026-01-08T14:22:00.0000000,0,12,2026-01-08T13:06:03.5770000
267,Gent-Sint-Pieters,Eupen,BE.NMBS.IC513,2026-01-08T14:25:00.0000000,0,10,2026-01-08T13:06:03.5770000
268,Gent-Sint-Pieters,Oudenaarde,BE.NMBS.S53684,2026-01-08T14:27:00.0000000,0,5,2026-01-08T13:06:03.5770000
269,Gent-Sint-Pieters,Antwerp-Central,BE.NMBS.IC735,2026-01-08T14:27:00.0000000,0,4,2026-01-08T13:06:03.5770000
270,Gent-Sint-Pieters,Poperinge,BE.NMBS.IC713,2026-01-08T14:36:00.0000000,0,6,2026-01-08T13:06:03.5770000
271,Gent-Sint-Pieters,Ostend,BE.NMBS.IC535,2026-01-08T14:39:00.0000000,0,12,2026-01-08T13:06:03.5770000
272,Gent-Sint-Pieters,Brussels Airport - Zaventem,BE.NMBS.IC2214,2026-01-08T14:39:00.0000000,0,9,2026-01-08T13:06:03.5770000
273,Gent-Sint-Pieters,Li��ge-Guillemins,BE.NMBS.IC2813,2026-01-08T14:41:00.0000000,0,10,2026-01-08T13:06:03.577
274,Gent-Sint-Pieters,Lokeren,BE.NMBS.S53664,2026-01-08T14:42:00.0000000,0,4,2026-01-08T13:06:03.5770000
275,Gent-Sint-Pieters,Zeebrugge-Dorp,BE.NMBS.L585,2026-01-08T14:45:00.0000000,0,11,2026-01-08T13:06:03.5770000
276,Gent-Sint-Pieters,Antwerp-Central,BE.NMBS.IC1814,2026-01-08T14:53:00.0000000,0,4,2026-01-08T13:06:03.5770000
277,Gent-Sint-Pieters,De Panne,BE.NMBS.IC3013,2026-01-08T14:53:00.0000000,60,5,2026-01-08T13:06:03.5770000
278,Gent-Sint-Pieters,Welkenraedt,BE.NMBS.IC414,2026-01-08T14:56:00.0000000,0,9,2026-01-08T13:06:03.5770000
279,Gent-Sint-Pieters,Ronse/Renaix,BE.NMBS.S51785,2026-01-08T14:57:00.0000000,0,6,2026-01-08T13:06:03.5770000
280,Gent-Sint-Pieters,Leuven,BE.NMBS.IC4114,2026-01-08T14:57:00.0000000,0,7,2026-01-08T13:06:03.5770000
281,Gent-Sint-Pieters,Hasselt,BE.NMBS.IC1514,2026-01-08T15:00:00.0000000,0,11,2026-01-08T13:06:03.5770000
282,Gent-Sint-Pieters,Blankenberge,BE.NMBS.IC1535,2026-01-08T15:00:00.0000000,0,12,2026-01-08T13:06:03.5770000
283,Gent-Sint-Pieters,Geraardsbergen,BE.NMBS.S521865,2026-01-08T15:05:00.0000000,0,7,2026-01-08T13:06:03.5770000
284,Gent-Sint-Pieters,Kortrijk,BE.NMBS.IC434,2026-01-08T14:09:00.0000000,0,11,2026-01-08T13:07:00.7870000
285,Gent-Sint-Pieters,Antwerp-Central,BE.NMBS.IC3035,2026-01-08T14:09:00.0000000,240,4,2026-01-08T13:07:00.7870000
286,Gent-Sint-Pieters,Ostend,BE.NMBS.IC1834,2026-01-08T14:11:00.0000000,0,7,2026-01-08T13:07:00.7870000
287,Gent-Sint-Pieters,Eeklo,BE.NMBS.S51763,2026-01-08T14:12:00.0000000,0,5,2026-01-08T13:07:00.7870000
288,Gent-Sint-Pieters,Genk,BE.NMBS.IC3614,2026-01-08T14:13:00.0000000,0,10,2026-01-08T13:07:00.7870000
289,Gent-Sint-Pieters,Mechelen,BE.NMBS.L563,2026-01-08T14:21:00.0000000,0,11,2026-01-08T13:07:00.7870000
290,Gent-Sint-Pieters,Knokke,BE.NMBS.IC2835,2026-01-08T14:22:00.0000000,0,12,2026-01-08T13:07:00.7870000
291,Gent-Sint-Pieters,Eupen,BE.NMBS.IC513,2026-01-08T14:25:00.0000000,0,10,2026-01-08T13:07:00.7870000
292,Gent-Sint-Pieters,Oudenaarde,BE.NMBS.S53684,2026-01-08T14:27:00.0000000,0,5,2026-01-08T13:07:00.7870000
293,Gent-Sint-Pieters,Antwerp-Central,BE.NMBS.IC735,2026-01-08T14:27:00.0000000,0,4,2026-01-08T13:07:00.7870000
294,Gent-Sint-Pieters,Poperinge,BE.NMBS.IC713,2026-01-08T14:36:00.0000000,0,6,2026-01-08T13:07:00.7870000
295,Gent-Sint-Pieters,Ostend,BE.NMBS.IC535,2026-01-08T14:39:00.0000000,0,12,2026-01-08T13:07:00.7870000
296,Gent-Sint-Pieters,Brussels Airport - Zaventem,BE.NMBS.IC2214,2026-01-08T14:39:00.0000000,0,9,2026-01-08T13:07:00.7870000
297,Gent-Sint-Pieters,Li��ge-Guillemins,BE.NMBS.IC2813,2026-01-08T14:41:00.0000000,0,10,2026-01-08T13:07:00.787
298,Gent-Sint-Pieters,Lokeren,BE.NMBS.S53664,2026-01-08T14:42:00.0000000,0,4,2026-01-08T13:07:00.7870000
299,Gent-Sint-Pieters,Zeebrugge-Dorp,BE.NMBS.L585,2026-01-08T14:45:00.0000000,0,11,2026-01-08T13:07:00.7870000
300,Gent-Sint-Pieters,Antwerp-Central,BE.NMBS.IC1814,2026-01-08T14:53:00.0000000,0,4,2026-01-08T13:07:00.7870000
301,Gent-Sint-Pieters,De Panne,BE.NMBS.IC3013,2026-01-08T14:53:00.0000000,60,5,2026-01-08T13:07:00.7870000
302,Gent-Sint-Pieters,Welkenraedt,BE.NMBS.IC414,2026-01-08T14:56:00.0000000,0,9,2026-01-08T13:07:00.7870000
303,Gent-Sint-Pieters,Ronse/Renaix,BE.NMBS.S51785,2026-01-08T14:57:00.0000000,0,6,2026-01-08T13:07:00.7870000
304,Gent-Sint-Pieters,Leuven,BE.NMBS.IC4114,2026-01-08T14:57:00.0000000,0,7,2026-01-08T13:07:00.7870000
305,Gent-Sint-Pieters,Hasselt,BE.NMBS.IC1514,2026-01-08T15:00:00.0000000,0,11,2026-01-08T13:07:00.7870000
306,Gent-Sint-Pieters,Blankenberge,BE.NMBS.IC1535,2026-01-08T15:00:00.0000000,0,12,2026-01-08T13:07:00.7870000
307,Gent-Sint-Pieters,Geraardsbergen,BE.NMBS.S521865,2026-01-08T15:05:00.0000000,0,7,2026-01-08T13:07:00.7870000
308,Gent-Sint-Pieters,Kortrijk,BE.NMBS.IC434,2026-01-08T14:09:00.0000000,0,11,2026-01-08T13:08:00.8730000
309,Gent-Sint-Pieters,Antwerp-Central,BE.NMBS.IC3035,2026-01-08T14:09:00.0000000,0,4,2026-01-08T13:08:00.8730000
310,Gent-Sint-Pieters,Ostend,BE.NMBS.IC1834,2026-01-08T14:11:00.0000000,0,7,2026-01-08T13:08:00.8730000
311,Gent-Sint-Pieters,Eeklo,BE.NMBS.S51763,2026-01-08T14:12:00.0000000,0,5,2026-01-08T13:08:00.8730000
312,Gent-Sint-Pieters,Genk,BE.NMBS.IC3614,2026-01-08T14:13:00.0000000,0,10,2026-01-08T13:08:00.8730000
313,Gent-Sint-Pieters,Mechelen,BE.NMBS.L563,2026-01-08T14:21:00.0000000,0,11,2026-01-08T13:08:00.8730000
314,Gent-Sint-Pieters,Knokke,BE.NMBS.IC2835,2026-01-08T14:22:00.0000000,0,12,2026-01-08T13:08:00.8730000
315,Gent-Sint-Pieters,Eupen,BE.NMBS.IC513,2026-01-08T14:25:00.0000000,0,10,2026-01-08T13:08:00.8730000
316,Gent-Sint-Pieters,Oudenaarde,BE.NMBS.S53684,2026-01-08T14:27:00.0000000,0,5,2026-01-08T13:08:00.8730000
317,Gent-Sint-Pieters,Antwerp-Central,BE.NMBS.IC735,2026-01-08T14:27:00.0000000,0,4,2026-01-08T13:08:00.8730000
318,Gent-Sint-Pieters,Poperinge,BE.NMBS.IC713,2026-01-08T14:36:00.0000000,0,6,2026-01-08T13:08:00.8730000
319,Gent-Sint-Pieters,Ostend,BE.NMBS.IC535,2026-01-08T14:39:00.0000000,0,12,2026-01-08T13:08:00.8730000
320,Gent-Sint-Pieters,Brussels Airport - Zaventem,BE.NMBS.IC2214,2026-01-08T14:39:00.0000000,0,9,2026-01-08T13:08:00.8730000
321,Gent-Sint-Pieters,Li��ge-Guillemins,BE.NMBS.IC2813,2026-01-08T14:41:00.0000000,0,10,2026-01-08T13:08:00.873
322,Gent-Sint-Pieters,Lokeren,BE.NMBS.S53664,2026-01-08T14:42:00.0000000,0,4,2026-01-08T13:08:00.8730000
323,Gent-Sint-Pieters,Zeebrugge-Dorp,BE.NMBS.L585,2026-01-08T14:45:00.0000000,0,11,2026-01-08T13:08:00.8730000
324,Gent-Sint-Pieters,Antwerp-Central,BE.NMBS.IC1814,2026-01-08T14:53:00.0000000,0,4,2026-01-08T13:08:00.8730000
325,Gent-Sint-Pieters,De Panne,BE.NMBS.IC3013,2026-01-08T14:53:00.0000000,60,5,2026-01-08T13:08:00.8730000
326,Gent-Sint-Pieters,Welkenraedt,BE.NMBS.IC414,2026-01-08T14:56:00.0000000,0,9,2026-01-08T13:08:00.8730000
327,Gent-Sint-Pieters,Ronse/Renaix,BE.NMBS.S51785,2026-01-08T14:57:00.0000000,0,6,2026-01-08T13:08:00.8730000
328,Gent-Sint-Pieters,Leuven,BE.NMBS.IC4114,2026-01-08T14:57:00.0000000,0,7,2026-01-08T13:08:00.8730000
329,Gent-Sint-Pieters,Hasselt,BE.NMBS.IC1514,2026-01-08T15:00:00.0000000,0,11,2026-01-08T13:08:00.8730000
330,Gent-Sint-Pieters,Blankenberge,BE.NMBS.IC1535,2026-01-08T15:00:00.0000000,0,12,2026-01-08T13:08:00.8730000
331,Gent-Sint-Pieters,Geraardsbergen,BE.NMBS.S521865,2026-01-08T15:05:00.0000000,0,7,2026-01-08T13:08:00.8730000
332,Gent-Sint-Pieters,Kortrijk,BE.NMBS.IC434,2026-01-08T14:09:00.0000000,0,11,2026-01-08T13:09:03.7900000
333,Gent-Sint-Pieters,Antwerp-Central,BE.NMBS.IC3035,2026-01-08T14:09:00.0000000,0,4,2026-01-08T13:09:03.7900000
334,Gent-Sint-Pieters,Ostend,BE.NMBS.IC1834,2026-01-08T14:11:00.0000000,0,7,2026-01-08T13:09:03.7900000
335,Gent-Sint-Pieters,Eeklo,BE.NMBS.S51763,2026-01-08T14:12:00.0000000,0,5,2026-01-08T13:09:03.7900000
336,Gent-Sint-Pieters,Genk,BE.NMBS.IC3614,2026-01-08T14:13:00.0000000,0,10,2026-01-08T13:09:03.7900000
337,Gent-Sint-Pieters,Mechelen,BE.NMBS.L563,2026-01-08T14:21:00.0000000,0,11,2026-01-08T13:09:03.7900000
338,Gent-Sint-Pieters,Knokke,BE.NMBS.IC2835,2026-01-08T14:22:00.0000000,0,12,2026-01-08T13:09:03.7900000
339,Gent-Sint-Pieters,Eupen,BE.NMBS.IC513,2026-01-08T14:25:00.0000000,0,10,2026-01-08T13:09:03.7900000
340,Gent-Sint-Pieters,Oudenaarde,BE.NMBS.S53684,2026-01-08T14:27:00.0000000,0,5,2026-01-08T13:09:03.7900000
341,Gent-Sint-Pieters,Antwerp-Central,BE.NMBS.IC735,2026-01-08T14:27:00.0000000,0,4,2026-01-08T13:09:03.7900000
342,Gent-Sint-Pieters,Poperinge,BE.NMBS.IC713,2026-01-08T14:36:00.0000000,0,6,2026-01-08T13:09:03.7900000
343,Gent-Sint-Pieters,Ostend,BE.NMBS.IC535,2026-01-08T14:39:00.0000000,0,12,2026-01-08T13:09:03.7900000
344,Gent-Sint-Pieters,Brussels Airport - Zaventem,BE.NMBS.IC2214,2026-01-08T14:39:00.0000000,0,9,2026-01-08T13:09:03.7900000
345,Gent-Sint-Pieters,Li��ge-Guillemins,BE.NMBS.IC2813,2026-01-08T14:41:00.0000000,0,10,2026-01-08T13:09:03.790
346,Gent-Sint-Pieters,Lokeren,BE.NMBS.S53664,2026-01-08T14:42:00.0000000,0,4,2026-01-08T13:09:03.7900000
347,Gent-Sint-Pieters,Zeebrugge-Dorp,BE.NMBS.L585,2026-01-08T14:45:00.0000000,0,11,2026-01-08T13:09:03.7900000
348,Gent-Sint-Pieters,Antwerp-Central,BE.NMBS.IC1814,2026-01-08T14:53:00.0000000,0,4,2026-01-08T13:09:03.7900000
349,Gent-Sint-Pieters,De Panne,BE.NMBS.IC3013,2026-01-08T14:53:00.0000000,60,5,2026-01-08T13:09:03.7900000
350,Gent-Sint-Pieters,Welkenraedt,BE.NMBS.IC414,2026-01-08T14:56:00.0000000,0,9,2026-01-08T13:09:03.7900000
351,Gent-Sint-Pieters,Ronse/Renaix,BE.NMBS.S51785,2026-01-08T14:57:00.0000000,0,6,2026-01-08T13:09:03.7900000
352,Gent-Sint-Pieters,Leuven,BE.NMBS.IC4114,2026-01-08T14:57:00.0000000,0,7,2026-01-08T13:09:03.7900000
353,Gent-Sint-Pieters,Hasselt,BE.NMBS.IC1514,2026-01-08T15:00:00.0000000,0,11,2026-01-08T13:09:03.7900000
354,Gent-Sint-Pieters,Blankenberge,BE.NMBS.IC1535,2026-01-08T15:00:00.0000000,0,12,2026-01-08T13:09:03.7900000
355,Gent-Sint-Pieters,Geraardsbergen,BE.NMBS.S521865,2026-01-08T15:05:00.0000000,0,7,2026-01-08T13:09:03.7900000
356,Gent-Sint-Pieters,Antwerp-Central,BE.NMBS.IC3036,2026-01-08T15:09:00.0000000,0,6,2026-01-08T13:09:03.7900000
357,Gent-Sint-Pieters,Kortrijk,BE.NMBS.IC435,2026-01-08T15:09:00.0000000,0,11,2026-01-08T13:09:03.7900000
358,Gent-Sint-Pieters,Kortrijk,BE.NMBS.IC434,2026-01-08T14:09:00.0000000,0,11,2026-01-08T13:10:02.6970000
359,Gent-Sint-Pieters,Antwerp-Central,BE.NMBS.IC3035,2026-01-08T14:09:00.0000000,0,4,2026-01-08T13:10:02.6970000
360,Gent-Sint-Pieters,Ostend,BE.NMBS.IC1834,2026-01-08T14:11:00.0000000,0,7,2026-01-08T13:10:02.6970000
361,Gent-Sint-Pieters,Eeklo,BE.NMBS.S51763,2026-01-08T14:12:00.0000000,0,5,2026-01-08T13:10:02.6970000
362,Gent-Sint-Pieters,Genk,BE.NMBS.IC3614,2026-01-08T14:13:00.0000000,0,10,2026-01-08T13:10:02.6970000
363,Gent-Sint-Pieters,Mechelen,BE.NMBS.L563,2026-01-08T14:21:00.0000000,0,11,2026-01-08T13:10:02.6970000
364,Gent-Sint-Pieters,Knokke,BE.NMBS.IC2835,2026-01-08T14:22:00.0000000,60,12,2026-01-08T13:10:02.6970000
365,Gent-Sint-Pieters,Eupen,BE.NMBS.IC513,2026-01-08T14:25:00.0000000,0,10,2026-01-08T13:10:02.6970000
366,Gent-Sint-Pieters,Oudenaarde,BE.NMBS.S53684,2026-01-08T14:27:00.0000000,0,5,2026-01-08T13:10:02.6970000
367,Gent-Sint-Pieters,Antwerp-Central,BE.NMBS.IC735,2026-01-08T14:27:00.0000000,0,4,2026-01-08T13:10:02.6970000
368,Gent-Sint-Pieters,Poperinge,BE.NMBS.IC713,2026-01-08T14:36:00.0000000,0,6,2026-01-08T13:10:02.6970000
369,Gent-Sint-Pieters,Ostend,BE.NMBS.IC535,2026-01-08T14:39:00.0000000,0,12,2026-01-08T13:10:02.6970000
370,Gent-Sint-Pieters,Brussels Airport - Zaventem,BE.NMBS.IC2214,2026-01-08T14:39:00.0000000,0,9,2026-01-08T13:10:02.6970000
371,Gent-Sint-Pieters,Li��ge-Guillemins,BE.NMBS.IC2813,2026-01-08T14:41:00.0000000,0,10,2026-01-08T13:10:02.697
372,Gent-Sint-Pieters,Lokeren,BE.NMBS.S53664,2026-01-08T14:42:00.0000000,0,4,2026-01-08T13:10:02.6970000
373,Gent-Sint-Pieters,Zeebrugge-Dorp,BE.NMBS.L585,2026-01-08T14:45:00.0000000,0,11,2026-01-08T13:10:02.6970000
374,Gent-Sint-Pieters,Antwerp-Central,BE.NMBS.IC1814,2026-01-08T14:53:00.0000000,0,4,2026-01-08T13:10:02.6970000
375,Gent-Sint-Pieters,De Panne,BE.NMBS.IC3013,2026-01-08T14:53:00.0000000,60,5,2026-01-08T13:10:02.6970000
376,Gent-Sint-Pieters,Welkenraedt,BE.NMBS.IC414,2026-01-08T14:56:00.0000000,0,9,2026-01-08T13:10:02.6970000
377,Gent-Sint-Pieters,Ronse/Renaix,BE.NMBS.S51785,2026-01-08T14:57:00.0000000,0,6,2026-01-08T13:10:02.6970000
378,Gent-Sint-Pieters,Leuven,BE.NMBS.IC4114,2026-01-08T14:57:00.0000000,0,7,2026-01-08T13:10:02.6970000
379,Gent-Sint-Pieters,Hasselt,BE.NMBS.IC1514,2026-01-08T15:00:00.0000000,0,11,2026-01-08T13:10:02.6970000
380,Gent-Sint-Pieters,Blankenberge,BE.NMBS.IC1535,2026-01-08T15:00:00.0000000,0,12,2026-01-08T13:10:02.6970000
381,Gent-Sint-Pieters,Geraardsbergen,BE.NMBS.S521865,2026-01-08T15:05:00.0000000,0,7,2026-01-08T13:10:02.6970000
382,Gent-Sint-Pieters,Antwerp-Central,BE.NMBS.IC3036,2026-01-08T15:09:00.0000000,0,6,2026-01-08T13:10:02.6970000
383,Gent-Sint-Pieters,Kortrijk,BE.NMBS.IC435,2026-01-08T15:09:00.0000000,0,11,2026-01-08T13:10:02.6970000
384,Gent-Sint-Pieters,Kortrijk,BE.NMBS.IC434,2026-01-08T14:09:00.0000000,0,11,2026-01-08T13:11:04.4930000
385,Gent-Sint-Pieters,Antwerp-Central,BE.NMBS.IC3035,2026-01-08T14:09:00.0000000,0,4,2026-01-08T13:11:04.4930000
386,Gent-Sint-Pieters,Ostend,BE.NMBS.IC1834,2026-01-08T14:11:00.0000000,0,7,2026-01-08T13:11:04.4930000
387,Gent-Sint-Pieters,Eeklo,BE.NMBS.S51763,2026-01-08T14:12:00.0000000,0,5,2026-01-08T13:11:04.4930000
388,Gent-Sint-Pieters,Genk,BE.NMBS.IC3614,2026-01-08T14:13:00.0000000,0,10,2026-01-08T13:11:04.4930000
389,Gent-Sint-Pieters,Mechelen,BE.NMBS.L563,2026-01-08T14:21:00.0000000,0,11,2026-01-08T13:11:04.4930000
390,Gent-Sint-Pieters,Knokke,BE.NMBS.IC2835,2026-01-08T14:22:00.0000000,60,12,2026-01-08T13:11:04.4930000
391,Gent-Sint-Pieters,Eupen,BE.NMBS.IC513,2026-01-08T14:25:00.0000000,0,10,2026-01-08T13:11:04.4930000
392,Gent-Sint-Pieters,Oudenaarde,BE.NMBS.S53684,2026-01-08T14:27:00.0000000,0,5,2026-01-08T13:11:04.4930000
393,Gent-Sint-Pieters,Antwerp-Central,BE.NMBS.IC735,2026-01-08T14:27:00.0000000,0,4,2026-01-08T13:11:04.4930000
394,Gent-Sint-Pieters,Poperinge,BE.NMBS.IC713,2026-01-08T14:36:00.0000000,0,6,2026-01-08T13:11:04.4930000
395,Gent-Sint-Pieters,Ostend,BE.NMBS.IC535,2026-01-08T14:39:00.0000000,0,12,2026-01-08T13:11:04.4930000
396,Gent-Sint-Pieters,Brussels Airport - Zaventem,BE.NMBS.IC2214,2026-01-08T14:39:00.0000000,0,9,2026-01-08T13:11:04.4930000
397,Gent-Sint-Pieters,Li��ge-Guillemins,BE.NMBS.IC2813,2026-01-08T14:41:00.0000000,0,10,2026-01-08T13:11:04.493
398,Gent-Sint-Pieters,Lokeren,BE.NMBS.S53664,2026-01-08T14:42:00.0000000,0,4,2026-01-08T13:11:04.4930000
399,Gent-Sint-Pieters,Zeebrugge-Dorp,BE.NMBS.L585,2026-01-08T14:45:00.0000000,0,11,2026-01-08T13:11:04.4930000
400,Gent-Sint-Pieters,Antwerp-Central,BE.NMBS.IC1814,2026-01-08T14:53:00.0000000,0,4,2026-01-08T13:11:04.4930000
401,Gent-Sint-Pieters,De Panne,BE.NMBS.IC3013,2026-01-08T14:53:00.0000000,60,5,2026-01-08T13:11:04.4930000
402,Gent-Sint-Pieters,Welkenraedt,BE.NMBS.IC414,2026-01-08T14:56:00.0000000,0,9,2026-01-08T13:11:04.4930000
403,Gent-Sint-Pieters,Ronse/Renaix,BE.NMBS.S51785,2026-01-08T14:57:00.0000000,0,6,2026-01-08T13:11:04.4930000
404,Gent-Sint-Pieters,Leuven,BE.NMBS.IC4114,2026-01-08T14:57:00.0000000,0,7,2026-01-08T13:11:04.4930000
405,Gent-Sint-Pieters,Hasselt,BE.NMBS.IC1514,2026-01-08T15:00:00.0000000,0,11,2026-01-08T13:11:04.4930000
406,Gent-Sint-Pieters,Blankenberge,BE.NMBS.IC1535,2026-01-08T15:00:00.0000000,0,12,2026-01-08T13:11:04.4930000
407,Gent-Sint-Pieters,Geraardsbergen,BE.NMBS.S521865,2026-01-08T15:05:00.0000000,0,7,2026-01-08T13:11:04.4930000
408,Gent-Sint-Pieters,Antwerp-Central,BE.NMBS.IC3036,2026-01-08T15:09:00.0000000,0,6,2026-01-08T13:11:04.4930000
409,Gent-Sint-Pieters,Kortrijk,BE.NMBS.IC435,2026-01-08T15:09:00.0000000,0,11,2026-01-08T13:11:04.4930000
410,Gent-Sint-Pieters,Ostend,BE.NMBS.IC1835,2026-01-08T15:11:00.0000000,0,8,2026-01-08T13:11:04.4930000
411,Gent-Sint-Pieters,Antwerp-Central,BE.NMBS.IC1814,2026-01-08T14:53:00.0000000,0,4,2026-01-08T13:47:30.5670000
412,Gent-Sint-Pieters,De Panne,BE.NMBS.IC3013,2026-01-08T14:53:00.0000000,0,5,2026-01-08T13:47:30.5670000
413,Gent-Sint-Pieters,Welkenraedt,BE.NMBS.IC414,2026-01-08T14:56:00.0000000,0,9,2026-01-08T13:47:30.5670000
414,Gent-Sint-Pieters,Ronse/Renaix,BE.NMBS.S51785,2026-01-08T14:57:00.0000000,0,6,2026-01-08T13:47:30.5670000
415,Gent-Sint-Pieters,Leuven,BE.NMBS.IC4114,2026-01-08T14:57:00.0000000,0,8,2026-01-08T13:47:30.5670000
416,Gent-Sint-Pieters,Hasselt,BE.NMBS.IC1514,2026-01-08T15:00:00.0000000,0,11,2026-01-08T13:47:30.5670000
417,Gent-Sint-Pieters,Blankenberge,BE.NMBS.IC1535,2026-01-08T15:00:00.0000000,0,12,2026-01-08T13:47:30.5670000
418,Gent-Sint-Pieters,Geraardsbergen,BE.NMBS.S521865,2026-01-08T15:05:00.0000000,0,7,2026-01-08T13:47:30.5670000
419,Gent-Sint-Pieters,Kortrijk,BE.NMBS.IC435,2026-01-08T15:09:00.0000000,480,11,2026-01-08T13:47:30.5670000
420,Gent-Sint-Pieters,Antwerp-Central,BE.NMBS.IC3036,2026-01-08T15:09:00.0000000,0,6,2026-01-08T13:47:30.5670000
421,Gent-Sint-Pieters,Ostend,BE.NMBS.IC1835,2026-01-08T15:11:00.0000000,0,8,2026-01-08T13:47:30.5670000
422,Gent-Sint-Pieters,Genk,BE.NMBS.IC3615,2026-01-08T15:13:00.0000000,0,10,2026-01-08T13:47:30.5670000
423,Gent-Sint-Pieters,Eeklo,BE.NMBS.S51764,2026-01-08T15:13:00.0000000,0,5,2026-01-08T13:47:30.5670000
424,Gent-Sint-Pieters,Mechelen,BE.NMBS.L564,2026-01-08T15:21:00.0000000,180,11,2026-01-08T13:47:30.5670000
425,Gent-Sint-Pieters,Knokke,BE.NMBS.IC2836,2026-01-08T15:22:00.0000000,0,12,2026-01-08T13:47:30.5670000
426,Gent-Sint-Pieters,Eupen,BE.NMBS.IC514,2026-01-08T15:25:00.0000000,0,10,2026-01-08T13:47:30.5670000
427,Gent-Sint-Pieters,Oudenaarde,BE.NMBS.S53685,2026-01-08T15:27:00.0000000,0,6,2026-01-08T13:47:30.5670000
428,Gent-Sint-Pieters,Antwerp-Central,BE.NMBS.IC736,2026-01-08T15:27:00.0000000,0,4,2026-01-08T13:47:30.5670000
429,Gent-Sint-Pieters,Poperinge,BE.NMBS.IC714,2026-01-08T15:36:00.0000000,0,6,2026-01-08T13:47:30.5670000
430,Gent-Sint-Pieters,Ostend,BE.NMBS.IC536,2026-01-08T15:39:00.0000000,2040,12,2026-01-08T13:47:30.5670000
431,Gent-Sint-Pieters,Brussels Airport - Zaventem,BE.NMBS.IC2215,2026-01-08T15:39:00.0000000,0,8,2026-01-08T13:47:30.5670000
432,Gent-Sint-Pieters,Kortrijk,BE.NMBS.P8997,2026-01-08T15:40:00.0000000,0,9,2026-01-08T13:47:30.5670000
433,Gent-Sint-Pieters,Li��ge-Guillemins,BE.NMBS.IC2814,2026-01-08T15:41:00.0000000,0,10,2026-01-08T13:47:30.567
434,Gent-Sint-Pieters,Lokeren,BE.NMBS.S53665,2026-01-08T15:42:00.0000000,0,4,2026-01-08T13:47:30.5670000
435,Gent-Sint-Pieters,Zeebrugge-Dorp,BE.NMBS.L586,2026-01-08T15:45:00.0000000,0,11,2026-01-08T13:47:30.5670000
436,Gent-Sint-Pieters,Antwerp-Central,BE.NMBS.IC1814,2026-01-08T14:53:00.0000000,0,4,2026-01-08T13:48:22.7830000
437,Gent-Sint-Pieters,De Panne,BE.NMBS.IC3013,2026-01-08T14:53:00.0000000,0,5,2026-01-08T13:48:22.7830000
438,Gent-Sint-Pieters,Welkenraedt,BE.NMBS.IC414,2026-01-08T14:56:00.0000000,0,9,2026-01-08T13:48:22.7830000
439,Gent-Sint-Pieters,Ronse/Renaix,BE.NMBS.S51785,2026-01-08T14:57:00.0000000,0,6,2026-01-08T13:48:22.7830000
440,Gent-Sint-Pieters,Leuven,BE.NMBS.IC4114,2026-01-08T14:57:00.0000000,0,8,2026-01-08T13:48:22.7830000
441,Gent-Sint-Pieters,Hasselt,BE.NMBS.IC1514,2026-01-08T15:00:00.0000000,0,11,2026-01-08T13:48:22.7830000
442,Gent-Sint-Pieters,Blankenberge,BE.NMBS.IC1535,2026-01-08T15:00:00.0000000,0,12,2026-01-08T13:48:22.7830000
443,Gent-Sint-Pieters,Geraardsbergen,BE.NMBS.S521865,2026-01-08T15:05:00.0000000,0,7,2026-01-08T13:48:22.7830000
444,Gent-Sint-Pieters,Kortrijk,BE.NMBS.IC435,2026-01-08T15:09:00.0000000,480,11,2026-01-08T13:48:22.7830000
445,Gent-Sint-Pieters,Antwerp-Central,BE.NMBS.IC3036,2026-01-08T15:09:00.0000000,0,6,2026-01-08T13:48:22.7830000
446,Gent-Sint-Pieters,Ostend,BE.NMBS.IC1835,2026-01-08T15:11:00.0000000,0,8,2026-01-08T13:48:22.7830000
447,Gent-Sint-Pieters,Genk,BE.NMBS.IC3615,2026-01-08T15:13:00.0000000,0,10,2026-01-08T13:48:22.7830000
448,Gent-Sint-Pieters,Eeklo,BE.NMBS.S51764,2026-01-08T15:13:00.0000000,0,5,2026-01-08T13:48:22.7830000
449,Gent-Sint-Pieters,Mechelen,BE.NMBS.L564,2026-01-08T15:21:00.0000000,180,11,2026-01-08T13:48:22.7830000
450,Gent-Sint-Pieters,Knokke,BE.NMBS.IC2836,2026-01-08T15:22:00.0000000,0,12,2026-01-08T13:48:22.7830000
451,Gent-Sint-Pieters,Eupen,BE.NMBS.IC514,2026-01-08T15:25:00.0000000,420,10,2026-01-08T13:48:22.7830000
452,Gent-Sint-Pieters,Oudenaarde,BE.NMBS.S53685,2026-01-08T15:27:00.0000000,0,6,2026-01-08T13:48:22.7830000
453,Gent-Sint-Pieters,Antwerp-Central,BE.NMBS.IC736,2026-01-08T15:27:00.0000000,0,4,2026-01-08T13:48:22.7830000
454,Gent-Sint-Pieters,Poperinge,BE.NMBS.IC714,2026-01-08T15:36:00.0000000,0,6,2026-01-08T13:48:22.7830000
455,Gent-Sint-Pieters,Ostend,BE.NMBS.IC536,2026-01-08T15:39:00.0000000,2100,12,2026-01-08T13:48:22.7830000
456,Gent-Sint-Pieters,Brussels Airport - Zaventem,BE.NMBS.IC2215,2026-01-08T15:39:00.0000000,0,8,2026-01-08T13:48:22.7830000
457,Gent-Sint-Pieters,Kortrijk,BE.NMBS.P8997,2026-01-08T15:40:00.0000000,0,9,2026-01-08T13:48:22.7830000
458,Gent-Sint-Pieters,Li��ge-Guillemins,BE.NMBS.IC2814,2026-01-08T15:41:00.0000000,0,10,2026-01-08T13:48:22.783
459,Gent-Sint-Pieters,Lokeren,BE.NMBS.S53665,2026-01-08T15:42:00.0000000,0,4,2026-01-08T13:48:22.7830000
460,Gent-Sint-Pieters,Zeebrugge-Dorp,BE.NMBS.L586,2026-01-08T15:45:00.0000000,0,11,2026-01-08T13:48:22.7830000
